{"metadata":{"asset_id":"c49b5141-25ec-435a-805c-0bc692ebf88b","asset_attributes":["data_asset"],"name":"car_sales_data_sample.csv","asset_type":"data_asset","created_at":"2021-05-14T13:27:57Z","description":"","origin_country":"us","owner_id":"IBMid-55000AXAQ4","project_id":"ed9c5332-64ca-4949-9be5-816fb72d5ed5","size":527958,"tags":[],"usage":{"last_update_time":1620999150350,"last_updated_at":"2021-05-14T13:32:30Z"}},"entity":{"data_asset":{"mime_type":"text/csv","dataset":false,"schema":{"etag":"\"38a3712cdcbf34d3c9f69b032e071d15\"","valid_since":"Fri, 14 May 2021 13:27:56 GMT","fields":[{"name":"ORDERNUMBER","type":"integer","format":"default"},{"name":"QUANTITYORDERED","type":"integer","format":"default"},{"name":"PRICEEACH","type":"integer","format":"default"},{"name":"ORDERLINENUMBER","type":"integer","format":"default"},{"name":"SALES","type":"number","format":"default"},{"name":"ORDERDATE","type":"string","format":"default"},{"name":"STATUS","type":"string","format":"default"},{"name":"QTR_ID","type":"string","format":"default"},{"name":"MONTH_ID","type":"string","format":"default"},{"name":"YEAR_ID","type":"string","format":"default"},{"name":"PRODUCTLINE","type":"string","format":"default"},{"name":"MSRP","type":"integer","format":"default"},{"name":"PRODUCTCODE","type":"string","format":"default"},{"name":"CUSTOMERNAME","type":"string","format":"default"},{"name":"PHONE","type":"string","format":"default"},{"name":"ADDRESSLINE1","type":"string","format":"default"},{"name":"ADDRESSLINE2","type":"string","format":"default"},{"name":"CITY","type":"string","format":"default"},{"name":"STATE","type":"string","format":"default"},{"name":"POSTALCODE","type":"string","format":"default"},{"name":"COUNTRY","type":"string","format":"default"},{"name":"TERRITORY","type":"string","format":"default"},{"name":"CONTACTLASTNAME","type":"string","format":"default"},{"name":"CONTACTFIRSTNAME","type":"string","format":"default"},{"name":"DEALSIZE","type":"string","format":"default"}]}}},"attachments":[{"id":"76beb370-bd4b-4816-93c9-45fdc4fabc60","version":2,"asset_type":"data_asset","name":"car_sales_data_sample.csv","mime":"text/csv","datasource_type":"193a97c1-4475-4a19-b90c-295c4fdc6517","object_key":"car_sales_data_sample.csv","creator_id":"IBMid-55000AXAQ4","create_time":1620998877959,"size":527958,"is_remote":false,"is_managed":false,"is_referenced":true,"is_object_key_read_only":true,"is_user_provided_path_key":true,"transfer_complete":true,"is_partitioned":false,"complete_time_ticks":1620998877959,"user_data":{},"test_doc":0,"handle":{"bucket":"capstoneproject-donotdelete-pr-xmmvvfpxnhg53m","location":"us-geo","key":"car_sales_data_sample.csv","upload_id":"done","max_part_num":1},"usage":{"access_count":0,"last_accessor_id":"IBMid-55000AXAQ4","last_access_time":1620998877959}}]}
