{"metadata":{"asset_id":"983d97ab-755a-423a-9bed-ca0eebff2d59","asset_attributes":["data_asset"],"name":"m5_survey_data_demographics.csv","asset_type":"data_asset","created_at":"2021-05-14T13:37:31Z","description":"","origin_country":"us","owner_id":"IBMid-55000AXAQ4","project_id":"ed9c5332-64ca-4949-9be5-816fb72d5ed5","size":23516217,"tags":[],"usage":{"last_update_time":1621000000086,"last_updated_at":"2021-05-14T13:46:40Z"}},"entity":{"data_asset":{"mime_type":"text/csv","dataset":false,"schema":{"etag":"\"0e886e84c9acc96a356c6b1a003b8c8a-5\"","valid_since":"Fri, 14 May 2021 13:37:25 GMT","fields":[{"name":"Respondent","type":"integer","format":"default"},{"name":"MainBranch","type":"string","format":"default"},{"name":"Hobbyist","type":"string","format":"default"},{"name":"OpenSourcer","type":"string","format":"default"},{"name":"OpenSource","type":"string","format":"default"},{"name":"Employment","type":"string","format":"default"},{"name":"Country","type":"string","format":"default"},{"name":"Student","type":"string","format":"default"},{"name":"EdLevel","type":"string","format":"default"},{"name":"UndergradMajor","type":"string","format":"default"},{"name":"EduOther","type":"string","format":"default"},{"name":"OrgSize","type":"string","format":"default"},{"name":"DevType","type":"string","format":"default"},{"name":"YearsCode","type":"string","format":"default"},{"name":"Age1stCode","type":"string","format":"default"},{"name":"YearsCodePro","type":"string","format":"default"},{"name":"CareerSat","type":"string","format":"default"},{"name":"JobSat","type":"string","format":"default"},{"name":"MgrIdiot","type":"string","format":"default"},{"name":"MgrMoney","type":"string","format":"default"},{"name":"MgrWant","type":"string","format":"default"},{"name":"JobSeek","type":"string","format":"default"},{"name":"LastHireDate","type":"any","format":"default"},{"name":"LastInt","type":"string","format":"default"},{"name":"FizzBuzz","type":"string","format":"default"},{"name":"JobFactors","type":"string","format":"default"},{"name":"ResumeUpdate","type":"string","format":"default"},{"name":"CurrencySymbol","type":"string","format":"default"},{"name":"CurrencyDesc","type":"string","format":"default"},{"name":"CompTotal","type":"integer","format":"default"},{"name":"CompFreq","type":"string","format":"default"},{"name":"ConvertedComp","type":"integer","format":"default"},{"name":"WorkWeekHrs","type":"integer","format":"default"},{"name":"WorkPlan","type":"string","format":"default"},{"name":"WorkChallenge","type":"string","format":"default"},{"name":"WorkRemote","type":"string","format":"default"},{"name":"WorkLoc","type":"string","format":"default"},{"name":"ImpSyn","type":"string","format":"default"},{"name":"CodeRev","type":"string","format":"default"},{"name":"CodeRevHrs","type":"string","format":"default"},{"name":"UnitTests","type":"string","format":"default"},{"name":"PurchaseHow","type":"string","format":"default"},{"name":"PurchaseWhat","type":"string","format":"default"},{"name":"BetterLife","type":"string","format":"default"},{"name":"ITperson","type":"string","format":"default"},{"name":"OffOn","type":"string","format":"default"},{"name":"SocialMedia","type":"string","format":"default"},{"name":"Extraversion","type":"string","format":"default"},{"name":"ScreenName","type":"string","format":"default"},{"name":"SOVisit1st","type":"year","format":"default"},{"name":"SOVisitFreq","type":"string","format":"default"},{"name":"SOVisitTo","type":"string","format":"default"},{"name":"SOFindAnswer","type":"string","format":"default"},{"name":"SOTimeSaved","type":"string","format":"default"},{"name":"SOHowMuchTime","type":"string","format":"default"},{"name":"SOAccount","type":"string","format":"default"},{"name":"SOPartFreq","type":"string","format":"default"},{"name":"SOJobs","type":"string","format":"default"},{"name":"EntTeams","type":"string","format":"default"},{"name":"SOComm","type":"string","format":"default"},{"name":"WelcomeChange","type":"string","format":"default"},{"name":"SONewContent","type":"string","format":"default"},{"name":"Age","type":"string","format":"default"},{"name":"Gender","type":"string","format":"default"},{"name":"Trans","type":"string","format":"default"},{"name":"Sexuality","type":"string","format":"default"},{"name":"Ethnicity","type":"string","format":"default"},{"name":"Dependents","type":"string","format":"default"},{"name":"SurveyLength","type":"string","format":"default"},{"name":"SurveyEase","type":"string","format":"default"}]}}},"attachments":[{"id":"58a7bbaa-0c06-46f5-95cd-337b2477bcff","version":2,"asset_type":"data_asset","name":"m5_survey_data_demographics.csv","mime":"text/csv","datasource_type":"193a97c1-4475-4a19-b90c-295c4fdc6517","object_key":"m5_survey_data_demographics.csv","creator_id":"IBMid-55000AXAQ4","create_time":1620999452743,"size":23516217,"is_remote":false,"is_managed":false,"is_referenced":true,"is_object_key_read_only":true,"is_user_provided_path_key":true,"transfer_complete":true,"is_partitioned":false,"complete_time_ticks":1620999452743,"user_data":{},"test_doc":0,"handle":{"bucket":"capstoneproject-donotdelete-pr-xmmvvfpxnhg53m","location":"us-geo","key":"m5_survey_data_demographics.csv","upload_id":"done","max_part_num":1},"usage":{"access_count":0,"last_accessor_id":"IBMid-55000AXAQ4","last_access_time":1620999452743}}]}
