{"metadata":{"asset_id":"201d6b5b-36d7-45d3-a54a-b36524143a71","asset_attributes":["data_asset"],"name":"m5_survey_data_technologies_normalised.csv","asset_type":"data_asset","created_at":"2021-05-14T13:37:30Z","description":"","origin_country":"us","owner_id":"IBMid-55000AXAQ4","project_id":"ed9c5332-64ca-4949-9be5-816fb72d5ed5","size":4172595,"tags":[],"usage":{"last_update_time":1620999854550,"last_updated_at":"2021-05-14T13:44:14Z"}},"entity":{"data_asset":{"mime_type":"text/csv","dataset":false,"schema":{"etag":"\"9f42c66ef065482a77de5a9a0a249fcf\"","valid_since":"Fri, 14 May 2021 13:37:29 GMT","fields":[{"name":"Respondent","type":"integer","format":"default"},{"name":"LanguageWorkedWith","type":"string","format":"default"},{"name":"LanguageDesireNextYear","type":"string","format":"default"},{"name":"DatabaseWorkedWith","type":"string","format":"default"},{"name":"DatabaseDesireNextYear","type":"string","format":"default"},{"name":"PlatformWorkedWith","type":"string","format":"default"},{"name":"PlatformDesireNextYear","type":"string","format":"default"},{"name":"WebFrameWorkedWith","type":"string","format":"default"},{"name":"WebFrameDesireNextYear","type":"string","format":"default"},{"name":"DevEnviron","type":"string","format":"default"},{"name":"OpSys","type":"string","format":"default"},{"name":"Containers","type":"string","format":"default"},{"name":"BlockchainOrg","type":"string","format":"default"},{"name":"BlockchainIs","type":"string","format":"default"}]}}},"attachments":[{"id":"7ffdc812-f4f5-410b-8a5e-8ce1f6f9fc19","version":2,"asset_type":"data_asset","name":"m5_survey_data_technologies_normalised.csv","mime":"text/csv","datasource_type":"193a97c1-4475-4a19-b90c-295c4fdc6517","object_key":"m5_survey_data_technologies_normalised.csv","creator_id":"IBMid-55000AXAQ4","create_time":1620999452792,"size":4172595,"is_remote":false,"is_managed":false,"is_referenced":true,"is_object_key_read_only":true,"is_user_provided_path_key":true,"transfer_complete":true,"is_partitioned":false,"complete_time_ticks":1620999452792,"user_data":{},"test_doc":0,"handle":{"bucket":"capstoneproject-donotdelete-pr-xmmvvfpxnhg53m","location":"us-geo","key":"m5_survey_data_technologies_normalised.csv","upload_id":"done","max_part_num":1},"usage":{"access_count":0,"last_accessor_id":"IBMid-55000AXAQ4","last_access_time":1620999452792}}]}
